id,username,email,created_at
1,navyyard21,navyyard21@example.com,2026-01-15 10:40:27
2,dawndelta59,dawndelta59@opswise.net,2024-05-04 22:36:09
3,ivoryvalley44,ivoryvalley44@seeded.app,2025-07-06 10:26:15
4,keenwindow53,keenwindow53@example.com,2025-03-21 10:35:36
5,keenengine37,keenengine37@example.com,2024-07-27 02:13:54
6,ivorymeadow51,ivorymeadow51@hackstack.io,2024-05-30 10:37:17
7,dawnjourney91,dawnjourney91@opswise.net,2024-12-29 09:42:16
8,amberkernel39,amberkernel39@example.com,2024-03-30 23:40:22
9,urbanvalley33,urbanvalley33@example.com,2025-03-01 08:21:19
10,rapidfield93,rapidfield93@example.com,2025-04-27 13:57:16
11,opaltrail32,opaltrail32@example.com,2025-11-29 22:51:46
12,keenyard15,keenyard15@acme.dev,2025-11-04 09:02:33
13,warmtrail05,warmtrail05@hackstack.io,2024-02-18 21:15:07
14,keennetwork50,keennetwork50@relay.cloud,2025-12-11 16:34:52
15,emberlagoon45,emberlagoon45@opswise.net,2025-01-22 19:14:04
16,jadecanyon74,jadecanyon74@relay.cloud,2025-01-29 06:00:12
17,forestisland22,forestisland22@opswise.net,2024-05-06 08:12:04
18,warmyard23,warmyard23@seeded.app,2024-07-26 13:12:24
19,youngmeadow54,youngmeadow54@opswise.net,2024-06-10 10:49:46
20,goldorbit98,goldorbit98@seeded.app,2025-08-02 23:49:23
21,forestpioneer41,forestpioneer41@acme.dev,2024-11-20 15:57:54
22,livelyfield82,livelyfield82@acme.dev,2025-12-17 17:29:36
23,clearanchor03,clearanchor03@opswise.net,2025-08-14 17:15:39
24,rapidyard10,rapidyard10@opswise.net,2025-10-30 14:45:30
25,dawntrail50,dawntrail50@acme.dev,2025-04-17 09:52:32
26,jadeyard14,jadeyard14@seeded.app,2025-09-25 22:30:15
27,vividquartz67,vividquartz67@relay.cloud,2025-05-12 23:29:58
28,ivoryanchor83,ivoryanchor83@hackstack.io,2025-02-28 23:05:11
29,silverquartz29,silverquartz29@hackstack.io,2025-02-07 07:31:02
30,mellowcanyon91,mellowcanyon91@opswise.net,2026-01-20 06:32:06
31,navyuplink18,navyuplink18@seeded.app,2024-06-17 18:55:38
32,tidyharvest63,tidyharvest63@seeded.app,2025-03-05 12:19:13
33,brisktrail96,brisktrail96@hackstack.io,2025-05-12 00:32:48
34,livelysignal01,livelysignal01@hackstack.io,2025-01-30 11:19:14
35,rapidwindow01,rapidwindow01@hackstack.io,2024-11-07 14:21:23
36,tidyengine01,tidyengine01@acme.dev,2025-07-12 15:09:32
37,vividquartz67,vividquartz67@hackstack.io,2025-09-22 19:30:17
38,proudnetwork42,proudnetwork42@example.com,2024-06-30 21:36:54
39,forestquartz56,forestquartz56@hackstack.io,2024-09-28 17:17:02
40,cobaltkernel52,cobaltkernel52@opswise.net,2025-06-29 01:36:37
41,jadeisland30,jadeisland30@hackstack.io,2025-06-21 15:15:37
42,tidybeacon74,tidybeacon74@seeded.app,2025-09-05 20:09:49
43,keenkernel09,keenkernel09@seeded.app,2024-07-19 01:51:13
44,silverdelta65,silverdelta65@relay.cloud,2025-09-28 16:19:53
45,mellowgarden95,mellowgarden95@relay.cloud,2024-12-20 03:04:33
46,mellowbeacon18,mellowbeacon18@relay.cloud,2025-10-28 20:08:41
47,opalorbit28,opalorbit28@relay.cloud,2025-02-20 09:36:21
48,youngriver52,youngriver52@opswise.net,2025-09-30 11:43:48
49,quietcanyon47,quietcanyon47@example.com,2024-02-12 21:01:22
50,navynetwork23,navynetwork23@opswise.net,2024-02-18 19:39:46
51,cobaltsignal88,cobaltsignal88@hackstack.io,2025-11-13 19:13:29
52,silverjourney16,silverjourney16@relay.cloud,2025-12-12 14:17:08
53,clearyard39,clearyard39@opswise.net,2025-09-17 03:16:28
54,navyvalley28,navyvalley28@example.com,2024-07-03 01:28:30
55,goldlagoon55,goldlagoon55@opswise.net,2025-05-01 19:05:49
56,youngnetwork98,youngnetwork98@example.com,2024-05-08 02:57:25
57,opalgarden80,opalgarden80@relay.cloud,2024-10-26 00:17:06
58,jaderiver90,jaderiver90@opswise.net,2025-02-14 06:55:54
59,opaldelta62,opaldelta62@opswise.net,2025-03-28 18:24:23
60,opalkernel89,opalkernel89@seeded.app,2024-09-03 11:11:48
61,calmlagoon41,calmlagoon41@opswise.net,2025-01-09 08:37:36
62,ivorykernel98,ivorykernel98@hackstack.io,2025-05-30 00:24:34
63,amberpioneer89,amberpioneer89@hackstack.io,2025-11-22 08:17:26
64,amberanchor10,amberanchor10@opswise.net,2026-01-10 04:22:23
65,cobaltriver12,cobaltriver12@opswise.net,2025-10-07 22:35:21
66,dawnfield61,dawnfield61@hackstack.io,2024-08-27 19:59:09
67,amberorbit03,amberorbit03@acme.dev,2024-01-25 23:06:37
68,emberdelta03,emberdelta03@relay.cloud,2024-04-26 09:30:22
69,goldfield22,goldfield22@relay.cloud,2024-08-07 03:50:31
70,opalkernel57,opalkernel57@relay.cloud,2025-04-13 15:53:14
71,briskengine16,briskengine16@hackstack.io,2024-06-21 08:48:01
72,keenzenith53,keenzenith53@example.com,2025-01-09 22:07:27
73,amberengine41,amberengine41@seeded.app,2025-12-03 18:57:39
74,younglagoon76,younglagoon76@relay.cloud,2025-02-08 08:49:13
75,quietlagoon86,quietlagoon86@example.com,2024-03-27 04:10:55
76,goldsignal32,goldsignal32@opswise.net,2025-03-12 14:17:06
77,tidyzenith94,tidyzenith94@relay.cloud,2024-10-10 13:08:31
78,silvervalley64,silvervalley64@relay.cloud,2024-09-29 05:08:54
79,emberdelta47,emberdelta47@relay.cloud,2026-01-05 04:54:03
80,vividorbit94,vividorbit94@relay.cloud,2024-09-17 06:38:32
81,vividdelta31,vividdelta31@seeded.app,2024-07-22 14:44:25
82,youngnetwork75,youngnetwork75@opswise.net,2024-07-28 01:49:55
83,ivorydelta55,ivorydelta55@hackstack.io,2024-08-15 06:16:25
84,goldanchor75,goldanchor75@acme.dev,2025-05-26 06:49:31
85,keenjourney34,keenjourney34@seeded.app,2024-01-03 01:43:50
86,warmorbit14,warmorbit14@hackstack.io,2024-08-08 07:29:16
87,proudyard30,proudyard30@example.com,2025-04-26 04:41:56
88,emberanchor66,emberanchor66@hackstack.io,2025-11-01 07:45:25
89,jadepioneer06,jadepioneer06@opswise.net,2025-05-13 23:10:27
90,goldmeadow93,goldmeadow93@seeded.app,2025-01-16 16:26:06
91,cobaltanchor06,cobaltanchor06@example.com,2024-11-23 16:36:06
92,calmriver83,calmriver83@acme.dev,2024-05-31 02:44:52
93,rapidanchor88,rapidanchor88@example.com,2024-12-28 07:24:16
94,silverengine56,silverengine56@opswise.net,2024-12-19 00:30:59
95,navyuplink00,navyuplink00@acme.dev,2025-04-20 14:12:23
96,quietzenith44,quietzenith44@acme.dev,2026-01-25 08:57:50
97,warmgarden88,warmgarden88@acme.dev,2025-04-28 19:47:52
98,opalanchor81,opalanchor81@example.com,2024-03-09 05:57:43
99,briskpioneer63,briskpioneer63@relay.cloud,2024-12-19 13:42:33
100,briskjourney23,briskjourney23@hackstack.io,2024-01-31 14:38:04
101,silvermeadow83,silvermeadow83@hackstack.io,2025-05-30 18:04:46
102,warmwindow46,warmwindow46@relay.cloud,2024-08-02 23:04:04
103,amberuplink66,amberuplink66@hackstack.io,2025-03-30 16:43:27
104,mellowwindow44,mellowwindow44@seeded.app,2025-03-29 08:26:27
105,urbanvalley45,urbanvalley45@example.com,2025-01-09 07:38:59
106,silverorbit42,silverorbit42@seeded.app,2024-03-25 04:20:51
107,quietquartz47,quietquartz47@example.com,2025-07-11 22:01:22
108,ivoryjourney08,ivoryjourney08@opswise.net,2025-08-08 04:49:55
109,forestsignal28,forestsignal28@example.com,2025-12-13 23:32:10
110,livelyorbit50,livelyorbit50@hackstack.io,2025-06-07 10:51:05
111,navynetwork59,navynetwork59@seeded.app,2024-05-27 08:28:16
112,emberquartz01,emberquartz01@acme.dev,2025-11-29 14:27:49
113,calmbeacon51,calmbeacon51@relay.cloud,2024-05-18 20:02:12
114,calmquartz71,calmquartz71@acme.dev,2025-09-28 05:04:30
115,briskyard15,briskyard15@relay.cloud,2025-06-19 20:03:01
116,calmmeadow90,calmmeadow90@example.com,2025-02-22 17:49:40
117,ivoryvalley49,ivoryvalley49@opswise.net,2025-10-14 01:45:06
118,urbanengine78,urbanengine78@opswise.net,2024-08-10 05:25:57
119,proudorbit59,proudorbit59@example.com,2024-09-06 16:17:46
120,rapidjourney23,rapidjourney23@acme.dev,2025-08-27 01:43:20
121,goldkernel06,goldkernel06@seeded.app,2024-09-19 07:59:19
122,rapiduplink97,rapiduplink97@seeded.app,2025-03-18 09:56:46
123,briskjourney91,briskjourney91@acme.dev,2026-01-12 03:38:58
124,rapidmeadow68,rapidmeadow68@hackstack.io,2025-07-08 20:58:52
125,proudsignal56,proudsignal56@relay.cloud,2025-09-04 05:20:06
126,dawnuplink45,dawnuplink45@relay.cloud,2025-04-20 15:15:45
127,urbanisland19,urbanisland19@relay.cloud,2024-09-18 07:27:09
128,keenwindow99,keenwindow99@seeded.app,2024-08-28 18:59:46
129,silverpioneer84,silverpioneer84@opswise.net,2024-04-16 21:50:55
130,clearriver74,clearriver74@relay.cloud,2025-04-10 15:24:29
131,forestnetwork11,forestnetwork11@acme.dev,2024-11-12 21:11:47
132,youngzenith95,youngzenith95@opswise.net,2025-09-01 20:24:35
133,clearfield26,clearfield26@seeded.app,2025-10-20 14:56:47
134,forestpioneer39,forestpioneer39@seeded.app,2024-04-18 11:46:23
135,silverquartz96,silverquartz96@example.com,2025-02-16 18:05:49
136,tidyvalley02,tidyvalley02@hackstack.io,2025-10-12 12:22:51
137,vividisland35,vividisland35@example.com,2025-08-09 11:25:31
138,harboruplink82,harboruplink82@opswise.net,2026-01-25 07:15:20
139,rapidnetwork67,rapidnetwork67@seeded.app,2024-12-03 15:51:20
140,cobaltdelta94,cobaltdelta94@acme.dev,2024-02-10 14:15:39
141,livelyuplink35,livelyuplink35@hackstack.io,2025-06-05 19:57:15
142,jadevalley28,jadevalley28@hackstack.io,2025-03-14 17:48:51
143,quietgarden16,quietgarden16@example.com,2025-09-26 23:16:06
144,navyzenith20,navyzenith20@example.com,2025-12-15 09:46:19
145,urbangarden48,urbangarden48@example.com,2025-10-23 12:16:32
146,ambervalley64,ambervalley64@opswise.net,2025-06-19 13:57:57
147,calmuplink60,calmuplink60@acme.dev,2025-07-17 13:29:13
148,vividjourney73,vividjourney73@example.com,2024-04-01 06:54:22
149,amberquartz51,amberquartz51@example.com,2024-11-16 09:12:32
150,livelypioneer49,livelypioneer49@hackstack.io,2024-05-04 21:40:17
151,brisklagoon73,brisklagoon73@example.com,2024-04-13 16:43:40
152,younglagoon83,younglagoon83@seeded.app,2024-04-08 13:57:28
153,clearorbit91,clearorbit91@hackstack.io,2025-12-03 06:23:28
154,livelygarden66,livelygarden66@seeded.app,2025-09-23 00:40:59
155,emberzenith09,emberzenith09@example.com,2024-03-23 16:53:21
156,youngkernel22,youngkernel22@opswise.net,2024-02-12 17:58:24
157,livelyjourney30,livelyjourney30@seeded.app,2025-08-03 10:23:54
158,cobaltriver78,cobaltriver78@seeded.app,2024-05-29 05:12:59
159,warmquartz22,warmquartz22@acme.dev,2024-03-23 19:30:38
160,clearriver81,clearriver81@example.com,2025-04-24 18:09:25
161,opaljourney48,opaljourney48@opswise.net,2025-08-31 19:52:26
162,cleartrail40,cleartrail40@opswise.net,2025-10-07 11:42:06
163,rapidorbit25,rapidorbit25@opswise.net,2024-03-08 13:09:47
164,quietgarden95,quietgarden95@seeded.app,2025-01-25 03:58:36
165,navyharvest07,navyharvest07@example.com,2025-10-26 04:19:30
166,foresttrail60,foresttrail60@acme.dev,2025-03-23 18:11:29
167,proudbeacon49,proudbeacon49@seeded.app,2024-06-23 03:10:38
168,tidywindow60,tidywindow60@seeded.app,2025-12-30 06:22:12
169,tidypioneer95,tidypioneer95@example.com,2024-11-25 10:58:11
170,warmtrail02,warmtrail02@seeded.app,2025-07-25 09:44:13
171,silverriver69,silverriver69@opswise.net,2025-02-07 09:54:11
172,navykernel53,navykernel53@relay.cloud,2026-01-10 01:48:26
173,youngtrail46,youngtrail46@hackstack.io,2025-07-20 19:49:02
174,rapidfield77,rapidfield77@relay.cloud,2024-12-31 14:46:07
175,keenpioneer81,keenpioneer81@opswise.net,2025-04-13 19:28:41
176,navycanyon81,navycanyon81@hackstack.io,2025-04-26 07:46:20
177,forestnetwork84,forestnetwork84@acme.dev,2025-09-01 12:02:56
178,briskuplink29,briskuplink29@relay.cloud,2024-10-03 11:28:50
179,forestharvest05,forestharvest05@example.com,2025-04-15 15:56:43
180,tidyharvest05,tidyharvest05@opswise.net,2025-09-14 03:20:58
181,proudjourney07,proudjourney07@hackstack.io,2025-10-21 19:31:11
182,harborjourney06,harborjourney06@example.com,2025-10-26 18:07:48
183,opalmeadow68,opalmeadow68@seeded.app,2025-11-26 07:07:15
184,ambernetwork87,ambernetwork87@hackstack.io,2024-07-22 12:42:25
185,urbanwindow43,urbanwindow43@seeded.app,2024-08-03 02:15:56
186,youngharvest87,youngharvest87@acme.dev,2024-05-01 06:53:34
187,proudvalley80,proudvalley80@acme.dev,2024-06-13 05:33:23
188,goldanchor90,goldanchor90@acme.dev,2024-12-09 04:40:40
189,harborpioneer82,harborpioneer82@seeded.app,2025-04-11 08:46:35
190,ivorydelta26,ivorydelta26@acme.dev,2024-09-25 01:56:05
191,cobaltpioneer38,cobaltpioneer38@example.com,2026-01-04 07:02:19
192,keenpioneer10,keenpioneer10@seeded.app,2024-01-06 12:16:04
193,ivoryyard21,ivoryyard21@acme.dev,2025-06-13 08:04:13
194,proudlagoon73,proudlagoon73@hackstack.io,2025-04-29 17:36:19
195,embermeadow04,embermeadow04@seeded.app,2025-11-30 13:13:46
196,livelyvalley39,livelyvalley39@relay.cloud,2025-05-03 07:32:44
197,clearnetwork72,clearnetwork72@example.com,2025-04-04 10:23:57
198,briskgarden28,briskgarden28@seeded.app,2025-11-12 06:25:53
199,calmquartz88,calmquartz88@hackstack.io,2024-07-30 07:21:43
200,cobaltyard16,cobaltyard16@seeded.app,2025-02-23 21:07:21
201,jadevalley97,jadevalley97@example.com,2025-03-27 19:17:05
202,keentrail28,keentrail28@seeded.app,2024-06-29 11:51:32
203,navynetwork48,navynetwork48@relay.cloud,2025-05-27 03:06:21
204,quietcanyon46,quietcanyon46@acme.dev,2025-08-26 22:11:54
205,vividwindow75,vividwindow75@example.com,2025-10-27 10:36:15
206,harboranchor57,harboranchor57@acme.dev,2025-09-11 14:50:23
207,cobaltkernel62,cobaltkernel62@opswise.net,2024-09-03 14:22:13
208,quietvalley46,quietvalley46@hackstack.io,2025-10-31 05:58:37
209,calmzenith54,calmzenith54@acme.dev,2024-06-06 17:38:37
210,quietjourney03,quietjourney03@seeded.app,2024-09-08 21:44:25
211,mellowquartz58,mellowquartz58@seeded.app,2025-12-21 13:53:51
212,ivoryisland29,ivoryisland29@opswise.net,2026-01-13 11:46:44
213,emberuplink63,emberuplink63@acme.dev,2024-09-24 18:07:39
214,clearpioneer73,clearpioneer73@acme.dev,2025-06-28 14:04:37
215,navywindow73,navywindow73@opswise.net,2025-12-09 03:10:01
216,livelyvalley94,livelyvalley94@hackstack.io,2025-09-07 09:23:58
217,youngisland79,youngisland79@example.com,2025-08-01 06:54:34
218,vividanchor63,vividanchor63@relay.cloud,2025-04-16 03:12:07
219,emberbeacon32,emberbeacon32@relay.cloud,2025-03-02 04:56:56
220,livelygarden04,livelygarden04@hackstack.io,2025-02-15 19:38:26
221,emberyard54,emberyard54@seeded.app,2025-06-25 12:18:57
222,livelyorbit40,livelyorbit40@relay.cloud,2026-01-27 05:12:54
223,briskwindow51,briskwindow51@example.com,2026-01-29 20:31:31
224,youngpioneer61,youngpioneer61@example.com,2025-10-25 16:45:38
225,vividwindow24,vividwindow24@acme.dev,2025-06-04 17:48:33
226,opalanchor59,opalanchor59@opswise.net,2024-07-27 02:10:43
227,livelyzenith58,livelyzenith58@relay.cloud,2025-11-19 02:25:11
228,clearengine91,clearengine91@example.com,2025-04-29 17:06:25
229,cleardelta06,cleardelta06@hackstack.io,2024-04-02 12:51:09
230,keenorbit81,keenorbit81@hackstack.io,2025-09-03 22:50:27
231,calmorbit27,calmorbit27@hackstack.io,2025-05-09 09:02:30
232,harboruplink21,harboruplink21@hackstack.io,2025-06-20 16:31:13
233,emberriver98,emberriver98@seeded.app,2025-04-29 00:40:57
234,silverlagoon95,silverlagoon95@acme.dev,2025-04-28 22:51:37
235,warmlagoon22,warmlagoon22@example.com,2025-07-01 10:28:27
236,livelyzenith05,livelyzenith05@relay.cloud,2025-10-15 20:21:18
237,clearquartz16,clearquartz16@opswise.net,2025-09-09 02:36:19
238,goldyard84,goldyard84@opswise.net,2025-03-12 05:51:58
239,opalgarden30,opalgarden30@seeded.app,2024-04-02 22:58:55
240,livelylagoon96,livelylagoon96@acme.dev,2024-01-20 19:18:29
241,jadelagoon06,jadelagoon06@hackstack.io,2024-05-03 16:23:23
242,jaderiver08,jaderiver08@seeded.app,2024-08-17 18:31:07
243,ivoryjourney79,ivoryjourney79@hackstack.io,2025-08-18 23:25:05
244,keenisland84,keenisland84@acme.dev,2024-03-28 08:52:57
245,proudgarden72,proudgarden72@seeded.app,2025-09-01 13:21:13
246,briskzenith54,briskzenith54@acme.dev,2025-03-25 15:14:36
247,urbansignal14,urbansignal14@opswise.net,2025-12-10 06:59:08
248,briskbeacon07,briskbeacon07@relay.cloud,2025-11-13 16:04:23
249,navydelta98,navydelta98@example.com,2025-03-13 23:57:48
250,briskharvest28,briskharvest28@relay.cloud,2025-03-17 08:34:53
251,vividkernel29,vividkernel29@example.com,2025-08-22 18:23:14
252,jadegarden58,jadegarden58@seeded.app,2025-03-28 02:34:55
253,amberdelta59,amberdelta59@hackstack.io,2025-11-24 20:55:28
254,keenriver43,keenriver43@seeded.app,2024-07-10 04:13:55
255,cobaltquartz61,cobaltquartz61@acme.dev,2025-10-04 09:51:30
256,briskyard76,briskyard76@example.com,2024-02-27 03:32:09
257,rapidanchor21,rapidanchor21@acme.dev,2025-10-06 05:45:15
258,proudharvest41,proudharvest41@example.com,2024-12-27 00:42:41
259,livelywindow66,livelywindow66@seeded.app,2025-12-08 16:20:37
260,jaderiver57,jaderiver57@opswise.net,2024-11-27 15:27:00
261,proudcanyon31,proudcanyon31@relay.cloud,2025-07-19 03:17:08
262,mellowdelta63,mellowdelta63@acme.dev,2024-12-30 01:44:51
263,ivoryharvest15,ivoryharvest15@seeded.app,2025-01-04 19:45:10
264,proudgarden93,proudgarden93@seeded.app,2024-11-06 20:14:02
265,youngengine35,youngengine35@example.com,2025-02-21 01:41:26
266,cobaltengine80,cobaltengine80@example.com,2025-03-04 20:24:49
267,rapidwindow99,rapidwindow99@hackstack.io,2024-09-12 20:13:22
268,goldharvest84,goldharvest84@opswise.net,2025-10-27 07:35:09
269,keencanyon21,keencanyon21@example.com,2025-07-13 20:41:39
270,forestvalley58,forestvalley58@example.com,2024-06-22 19:09:41
271,clearpioneer59,clearpioneer59@opswise.net,2024-12-24 06:36:50
272,opalpioneer18,opalpioneer18@example.com,2024-08-11 02:07:46
273,vividengine88,vividengine88@acme.dev,2025-11-26 01:10:44
274,proudgarden10,proudgarden10@hackstack.io,2024-11-12 16:00:10
275,calmnetwork08,calmnetwork08@relay.cloud,2025-07-24 08:11:21
276,ivorylagoon34,ivorylagoon34@seeded.app,2025-01-04 01:24:24
277,livelyuplink92,livelyuplink92@example.com,2025-04-13 21:08:33
278,ivorywindow73,ivorywindow73@example.com,2024-06-10 02:27:46
279,clearengine42,clearengine42@seeded.app,2025-10-29 15:28:33
280,silvervalley98,silvervalley98@example.com,2025-12-18 11:42:44
281,urbanbeacon80,urbanbeacon80@opswise.net,2025-05-02 14:28:18
282,forestzenith55,forestzenith55@example.com,2025-04-23 10:43:26
283,silveryard30,silveryard30@hackstack.io,2024-05-23 06:43:42
284,calmquartz97,calmquartz97@example.com,2024-10-06 19:52:53
285,goldfield11,goldfield11@example.com,2024-01-21 22:48:23
286,clearnetwork23,clearnetwork23@hackstack.io,2025-06-14 17:17:52
287,cobaltengine12,cobaltengine12@hackstack.io,2026-01-04 13:16:48
288,emberdelta82,emberdelta82@opswise.net,2024-06-20 01:04:16
289,goldanchor58,goldanchor58@opswise.net,2025-03-26 02:15:10
290,vividpioneer82,vividpioneer82@hackstack.io,2025-02-17 00:01:54
291,youngquartz99,youngquartz99@acme.dev,2024-09-23 13:42:26
292,embernetwork16,embernetwork16@seeded.app,2024-06-01 09:47:58
293,cobaltyard02,cobaltyard02@seeded.app,2024-04-08 16:38:19
294,amberharvest73,amberharvest73@hackstack.io,2024-02-01 02:17:21
295,dawnbeacon31,dawnbeacon31@relay.cloud,2024-01-13 20:47:04
296,livelyfield70,livelyfield70@hackstack.io,2024-05-05 07:57:54
297,goldlagoon77,goldlagoon77@seeded.app,2025-01-04 16:12:16
298,vividyard27,vividyard27@opswise.net,2024-07-25 13:11:12
299,mellowanchor51,mellowanchor51@acme.dev,2024-01-24 04:37:53
300,opalcanyon81,opalcanyon81@seeded.app,2024-06-21 14:06:38
301,keenzenith87,keenzenith87@seeded.app,2024-08-05 21:08:26
302,dawnnetwork92,dawnnetwork92@relay.cloud,2024-03-28 09:27:03
303,amberfield09,amberfield09@hackstack.io,2024-12-12 13:49:31
304,quietorbit72,quietorbit72@acme.dev,2025-02-08 08:56:24
305,cobaltriver52,cobaltriver52@example.com,2026-01-22 20:22:12
306,ivoryisland38,ivoryisland38@hackstack.io,2025-04-21 04:22:56
307,tidyyard14,tidyyard14@relay.cloud,2024-01-05 19:33:54
308,mellowsignal62,mellowsignal62@seeded.app,2025-11-04 21:44:42
309,goldtrail08,goldtrail08@opswise.net,2024-01-27 11:07:01
310,calmvalley22,calmvalley22@hackstack.io,2024-10-30 01:23:37
311,tidymeadow45,tidymeadow45@opswise.net,2024-12-12 09:45:32
312,briskuplink42,briskuplink42@hackstack.io,2024-04-11 01:32:49
313,emberanchor03,emberanchor03@example.com,2025-03-18 14:22:05
314,emberfield46,emberfield46@relay.cloud,2025-03-30 15:24:49
315,silveruplink29,silveruplink29@example.com,2024-10-27 10:30:37
316,emberharvest43,emberharvest43@example.com,2024-02-09 21:06:22
317,rapidorbit50,rapidorbit50@opswise.net,2025-03-23 23:58:35
318,calmmeadow48,calmmeadow48@seeded.app,2024-11-19 02:28:43
319,urbankernel78,urbankernel78@hackstack.io,2025-02-09 02:21:06
320,livelyzenith47,livelyzenith47@acme.dev,2025-09-26 14:14:58
321,keenanchor74,keenanchor74@relay.cloud,2025-06-29 13:04:45
322,quietharvest16,quietharvest16@acme.dev,2024-12-21 13:06:09
323,cobaltbeacon63,cobaltbeacon63@hackstack.io,2025-12-06 13:55:06
324,quietnetwork45,quietnetwork45@relay.cloud,2024-10-16 20:19:50
325,cleardelta29,cleardelta29@opswise.net,2024-07-20 11:53:58
326,cobaltlagoon81,cobaltlagoon81@seeded.app,2025-05-23 14:04:44
327,amberquartz07,amberquartz07@opswise.net,2024-04-16 15:18:56
328,ambergarden42,ambergarden42@hackstack.io,2025-03-07 12:47:50
329,opalmeadow86,opalmeadow86@hackstack.io,2024-02-25 22:40:29
330,opalharvest41,opalharvest41@acme.dev,2025-11-27 16:34:59
331,youngbeacon74,youngbeacon74@hackstack.io,2024-09-20 18:41:05
332,keenmeadow30,keenmeadow30@hackstack.io,2025-05-31 03:27:55
333,calmbeacon68,calmbeacon68@opswise.net,2025-03-10 01:31:55
334,harbordelta28,harbordelta28@relay.cloud,2025-06-24 23:12:48
335,livelyjourney85,livelyjourney85@hackstack.io,2025-12-24 00:53:52
336,livelybeacon53,livelybeacon53@relay.cloud,2025-03-30 15:12:07
337,goldcanyon09,goldcanyon09@seeded.app,2025-04-05 01:38:26
338,briskkernel12,briskkernel12@hackstack.io,2024-12-28 15:57:34
339,embertrail65,embertrail65@opswise.net,2024-08-21 01:44:09
340,warmengine36,warmengine36@hackstack.io,2024-10-23 19:58:51
341,rapidisland13,rapidisland13@hackstack.io,2024-02-08 07:02:10
342,proudkernel24,proudkernel24@hackstack.io,2025-11-23 23:30:45
343,opalharvest90,opalharvest90@opswise.net,2025-05-02 18:46:41
344,jadewindow43,jadewindow43@acme.dev,2025-07-19 19:47:32
345,proudorbit47,proudorbit47@hackstack.io,2025-11-11 06:48:48
346,prouduplink15,prouduplink15@seeded.app,2024-07-18 16:55:41
347,tidylagoon14,tidylagoon14@seeded.app,2024-07-18 19:52:13
348,quietwindow96,quietwindow96@relay.cloud,2025-10-08 10:01:25
349,forestanchor42,forestanchor42@relay.cloud,2025-09-14 17:16:29
350,calmriver37,calmriver37@acme.dev,2025-03-22 07:20:03
351,calmgarden04,calmgarden04@opswise.net,2024-04-19 11:55:33
352,vividpioneer50,vividpioneer50@hackstack.io,2025-11-11 12:11:29
353,cobaltvalley48,cobaltvalley48@opswise.net,2025-07-05 20:17:33
354,proudmeadow99,proudmeadow99@hackstack.io,2024-01-18 20:14:59
355,goldanchor77,goldanchor77@example.com,2024-03-24 19:03:35
356,proudlagoon93,proudlagoon93@seeded.app,2024-07-22 04:04:36
357,briskquartz40,briskquartz40@example.com,2025-12-09 02:07:10
358,keenharvest20,keenharvest20@opswise.net,2024-11-15 20:18:42
359,rapidorbit23,rapidorbit23@acme.dev,2024-08-02 15:12:21
360,mellowengine42,mellowengine42@hackstack.io,2024-03-12 19:21:31
361,keenfield58,keenfield58@example.com,2025-08-04 08:15:34
362,keenorbit62,keenorbit62@example.com,2025-04-26 20:23:41
363,embermeadow71,embermeadow71@acme.dev,2025-12-01 13:04:01
364,keenvalley45,keenvalley45@opswise.net,2025-09-08 18:21:08
365,opalpioneer77,opalpioneer77@example.com,2025-01-15 06:54:47
366,silverorbit31,silverorbit31@example.com,2024-11-06 17:41:24
367,proudbeacon18,proudbeacon18@opswise.net,2024-07-29 11:00:11
368,briskanchor22,briskanchor22@relay.cloud,2025-08-19 04:04:00
369,embernetwork39,embernetwork39@seeded.app,2024-03-25 17:42:02
370,ivoryjourney25,ivoryjourney25@hackstack.io,2024-07-07 18:51:55
371,goldnetwork32,goldnetwork32@seeded.app,2025-12-13 01:52:12
372,urbanengine99,urbanengine99@example.com,2024-10-05 20:58:05
373,tidytrail33,tidytrail33@seeded.app,2024-08-27 17:32:56
374,clearkernel89,clearkernel89@acme.dev,2025-04-25 12:51:07
375,calmbeacon48,calmbeacon48@seeded.app,2025-12-14 20:06:28
376,livelyquartz01,livelyquartz01@seeded.app,2024-06-04 12:10:30
377,briskjourney12,briskjourney12@hackstack.io,2024-07-24 19:18:30
378,quietorbit97,quietorbit97@seeded.app,2024-05-08 14:53:44
379,vividpioneer85,vividpioneer85@acme.dev,2024-11-08 19:31:38
380,silvergarden30,silvergarden30@acme.dev,2024-03-29 17:41:39
381,rapidriver76,rapidriver76@relay.cloud,2024-09-15 22:25:30
382,dawnwindow27,dawnwindow27@acme.dev,2025-11-19 13:48:19
383,vividgarden89,vividgarden89@acme.dev,2025-06-23 23:06:25
384,clearorbit36,clearorbit36@example.com,2025-03-15 13:24:13
385,proudgarden84,proudgarden84@opswise.net,2025-06-13 16:42:01
386,silverlagoon73,silverlagoon73@opswise.net,2025-01-07 19:39:03
387,cobaltkernel60,cobaltkernel60@hackstack.io,2024-07-03 06:48:14
388,youngmeadow45,youngmeadow45@acme.dev,2025-11-27 14:52:34
389,tidymeadow64,tidymeadow64@opswise.net,2024-09-26 08:46:14
390,rapiduplink04,rapiduplink04@hackstack.io,2024-07-26 02:44:04
391,vividorbit79,vividorbit79@seeded.app,2024-09-19 16:43:00
392,keenuplink84,keenuplink84@example.com,2024-02-22 20:03:46
393,dawnjourney57,dawnjourney57@seeded.app,2025-01-04 06:40:11
394,urbanengine26,urbanengine26@hackstack.io,2024-08-16 00:40:19
395,warmnetwork91,warmnetwork91@seeded.app,2025-02-28 19:13:54
396,youngquartz82,youngquartz82@acme.dev,2024-11-16 03:24:05
397,opaldelta00,opaldelta00@relay.cloud,2024-10-13 04:10:46
398,briskharvest58,briskharvest58@hackstack.io,2025-02-19 17:19:30
399,ivoryfield03,ivoryfield03@opswise.net,2025-10-07 09:55:20
400,forestkernel89,forestkernel89@opswise.net,2025-05-10 02:16:43
